creator,# of videos
fe96fb46-1629-4e5c-8a4c-d244146726c4,12
ddfeab0f-274a-4cab-86c2-873cbd8e485e,12
b86d3272-a6a0-449c-8d04-caa5fbd9260a,12
f7a2adb8-44d7-4408-a2a9-3a593fc6d626,11
f261caed-1a26-4ab7-90ba-517d35fea76d,11
a449e516-7a94-4ffc-a1bd-e60a1fae48eb,11
9e75f24f-cce5-404c-afd7-80abf6bee06c,11
ce66818b-eedd-41e4-9178-72b8f9f0199e,11
8db2cece-596a-424d-ac0c-a05f8df47303,11
e5d8698c-31c1-463a-8d52-8e605366c9ca,11
293bcb6f-c892-43aa-a92a-4729ec3513fb,11
25c9a6e0-96b2-4c2f-8b77-6baad0173ac4,10
535ec766-a38f-44aa-ba3e-68aefab85664,10
f2363e67-9a7d-42ff-b0d8-39f36a7bf9a3,10
d2b18641-5ac6-4856-9af3-4bea63daf8f1,10
d2a28f77-3976-4e4f-af5d-b70d90504571,10
30ff68d9-c6c0-402b-99a6-a5fb94d221f8,10
3729cedd-af2e-44e2-bc8d-5e1fa3198d38,10
b33086ec-2aa1-4b83-bf40-b9c6a5f94001,10
1c68a626-f901-4f64-9c5c-e144c9ccfa53,10
281677ee-c56f-4034-a787-c3aceb251146,10
5218deb4-1935-4819-a8b7-b9edb03cc155,10
07b1ad83-0b08-47d6-8fbd-f051a5befa09,10
5d667392-2fb3-46d4-8048-ffdc285e44b2,10
fe060817-d33f-498a-bf2c-9dd6064cba6b,10
bf8840d4-c974-4135-b56b-edf7334ecd9e,10
b6222f19-ea14-469c-99c5-65cfff651ec7,10
dffff65f-e04a-4a78-b9db-1f1c194d816a,10
7a3a0c86-b059-490b-b077-d2f94442281b,9
de3c4db2-06b7-479d-bb62-5b39fe40dca7,9
7ba37660-5400-4493-a1be-ae97640d8fa8,9
4bb39d06-17c6-4b36-9f07-ba911bc4b08a,9
7bcd8718-ccf9-428f-8a32-a075e28acd28,9
7bdce3f0-93d6-4785-b25c-a10a4a784fef,9
d4eab92e-bec3-485d-b15c-98a08812aae8,9
15a04e23-2a63-4e1d-8f93-79dc24894f1a,9
debbdc99-ab2b-4f6d-b060-2c216821cdbc,9
bbe10274-b67d-4c54-b4de-874ed4f55cd0,9
7ee695ec-5b48-49f0-9dc2-6bbd8fe03202,9
79367b19-b824-486f-8246-66edc94f7de2,9
822fccc0-3580-495b-a09f-21a20d647398,9
a88a1fa3-33a1-4d18-aa52-2769ce031bc9,9
1b8973fd-6d9f-4a8c-8a19-e8ae4f63a17f,9
1b9d47d6-190e-4dae-8a69-2476aab01866,9
71142c95-dd8f-459a-bcca-4dd2dc5f936c,9
1cc4ac7c-a6d5-45fa-aea2-603e1f9c7231,9
1d7ddd9a-8e4b-4925-8deb-83d5db9f014a,9
cdbc8b0c-06ee-4c87-be6c-9a8eebf9ddd5,9
c8e737ea-30bc-4855-bfd6-7052107d4bef,9
3fb33c17-aaf7-4921-a03a-47139f6b58d1,9
c1c68262-ff75-42a5-bd04-398c43e9b0e1,9
c1a1478b-b66d-4858-8d94-b617556258d8,9
b8dd0996-af77-4440-904d-b27990757abb,9
3bb14fbc-64c1-4e68-a718-eda5b7ecf5ef,9
30986592-0cbf-43bb-83ed-7501ab3bd373,9
3d27e9ff-bc73-47f7-a51d-3047e6ec959f,9
9f229f33-69c6-4863-9b00-d3065b9c9e17,9
faffb3fd-9013-429d-91e2-95f42ef52a15,9
0e4ad354-9767-4e8e-aecc-c0146d9bdee7,9
0e4d3359-f35f-43d1-acc9-24fa083b6ad9,9
fb905619-d898-49a1-8758-c5edd8f94f5a,9
5fd34ddd-4b07-4f11-a022-b65dd1c9080e,9
026ee0da-c0e9-4b8b-bda9-33531096ea10,9
702342aa-bd90-4fb4-8c10-86836ca1ea95,9
f40c390b-2170-4033-8917-b4decd60dea8,9
5a75ebd7-2703-44d7-b5b3-feef5c9fa437,9
11091e96-0e43-486a-9849-3521adbc169c,9
3289bf52-8670-4cc7-8ae0-5937321c302e,9
32b02d51-66d3-40d9-895a-b9eb0215c011,9
ade21c6c-c401-4c3a-8945-c74b32759d6a,9
43e50511-d2be-4b64-b75f-3d1e7bc33fe9,8
42d0d056-6077-481c-9c75-eea6f7e7296c,8
440b0165-274d-4ff4-8eba-e13b132a060c,8
f8b1ef8a-bb85-4c6c-9555-2dc6815c45ae,8
2292529a-6c60-43e2-bc90-f3bc6d0e127a,8
1fc39a6a-1eaf-415f-881a-b91621f723d0,8
b34bce55-f7ad-4852-afe6-6bc486f018fe,8
cf2b786c-b3e5-47c8-9217-9fff728a6d13,8
21b27393-2dc2-496d-9b27-a2a42748e226,8
22468224-24de-4f7e-8465-ddbe10bacdae,8
95d6de96-58c2-44fb-8145-31169077014a,8
8b5d86be-9382-4390-b2d1-390456e4b21d,8
8705f8f6-cc1d-4a8a-8d96-7bfbbe476c4a,8
c3c31680-973a-45a0-9d32-b2711494d752,8
c5b842c4-5363-4be2-be32-7aa5f4279698,8
c0ad8e65-4446-4778-b0e6-75f73f9b8bb2,8
baa84343-c497-4a17-8e17-e851163977af,8
29997a8f-bb97-407a-816d-5d5a39b7ac02,8
ff552b27-ff14-4416-b60d-e56f947a259a,8
28dd7775-dbc6-4f7f-8eb6-91527c533363,8
594cc7a1-0034-4aeb-929b-0fe99362f8ea,8
ff1946db-e085-4d32-aa19-e6f01e055416,8
c062cf79-8ccb-4a67-9d02-7806470ccdd7,8
fea5608b-c394-4108-86ea-2d022d65320a,8
c539837e-5aaa-4e96-bf31-5dcd8b8bae69,8
2be6ae40-3881-412a-aff4-889fae23a013,8
5b52fc07-84cd-4e83-ac92-496b7a0e433a,8
3339d78e-461f-4037-94ce-e3f8f07276c8,8
547700f5-8760-42fb-8ecb-481c934171b3,8
c240b902-021a-4c1b-885d-11e3b829f0e7,8
4dafcb6f-77ff-43cd-a4bd-87adb37cafe8,8
fbec8d16-aacb-4d09-942d-e86a828be31e,8
cf9874c0-b596-4a65-8b94-36637ab61076,8
11ca1f1f-74da-444d-baaf-56115cdd53bc,8
9be5adb7-b07d-4f62-88db-0365f488f3cb,8
b16dfd32-9e36-43a9-840d-ba69b82638b1,8
491849df-330c-4aeb-afde-c2ab8f207252,8
b1b96335-da3a-4345-af40-430378e45e5f,8
dafec149-9016-4474-8e02-d7b6ca34bd95,8
63ed3a1b-c6ac-4741-b01e-d0699dba1de9,8
f09e8bd9-22b4-445f-a088-91926178979d,8
f03d1c0b-b8e3-42c7-a2aa-34b8526c91f4,8
e1190d77-c6b8-4000-82bb-05358102f6fe,8
81165a63-fdbc-4091-9352-152f2dd920dd,8
7aecadca-74cf-422c-a118-81af2b5c7fdf,8
ef61c25d-fac9-4769-8131-187b7dfd27c0,8
70e9df5b-cf41-4c7e-9095-e6d8f440b0f5,8
0f5f415f-6b0e-416e-8a17-1526239cc506,8
789cd615-9e2c-4ab0-9fcd-1807218e3de2,8
4ef9ea6b-e0af-4c5d-9a38-30151e73d5d0,8
4bfa1991-cd7e-41b0-8eb7-452e123249f2,8
4c18c6b4-8dcb-4fa5-a2d6-a70b8a8dad59,8
7872da48-f390-4ac6-a53c-324a179e7459,8
66a5a0f7-29cc-4879-9e09-b9b5c4ab6616,8
9bf611fa-73fb-4f5c-ab6e-9854d1c08f4d,8
7148f63c-5a76-4335-abdc-c9d80f0de9c2,8
09fcda95-6b40-47f7-a5ea-684a095b201d,8
51535c8c-9dbd-4526-b8ba-f3d4b37f6dcf,8
f64c554e-3963-4343-bc71-5ca5dc49c4e6,8
f589baa4-583f-46fb-ae9f-4c3f031ce544,8
e6a88670-7c13-4b2c-8a3b-7e386c371dee,8
e54058ad-e227-4c88-8ab8-4800120c028e,8
2e40aacd-27d2-4845-91e4-1461166220d4,8
ea8a5e6f-b717-4828-953e-6ee9774317b4,8
1b193c83-9ddd-4903-823d-ddf2329f86c0,8
9d7058a1-a664-4369-9c6a-f477d2133d51,8
2ecc39ee-154d-40bd-8c40-6fe92b0fb731,8
355d28ba-c542-4ded-b405-f4f0c95285bb,8
100d7858-2d7b-44a4-add8-fb1eccb4e465,8
3672d91d-8a7c-4d8b-be63-28059600fbdd,7
9e971b6b-26d7-4830-932b-d0ad7c3dc890,7
90647a91-884d-4817-85b0-fb21d4afb1f9,7
9150b9ea-52fa-4ec6-b838-d38ade8f8b96,7
91a912e0-ab43-4d6f-83fb-83288a592706,7
9c28f106-a989-4e94-8b7f-b673e96a204c,7
92e43305-ec05-4e53-80ba-69be7c930afc,7
a5968614-a22b-474a-b329-c7d119d7d50e,7
354d9d75-5c50-477d-9aeb-aa5bfd137e3a,7
968158c8-1e2e-4fa8-8aa3-7e02110b1bdd,7
98c819e5-3831-4038-b9f3-c9a9ca2f10f7,7
b19f3b6b-3884-4585-a125-7636431763d2,7
82f4f1d0-9a77-40b1-a816-aff717c53ba2,7
903530a6-d9b8-4f04-88c3-2588bffa5261,7
3d710994-a3e7-47e7-8386-64514b9d8695,7
7be37a51-c2af-4c4c-a49b-49c4c2bf99c5,7
7ba30e00-09f0-447c-b9e3-47defbfac2ff,7
779ea652-ed45-40c1-870c-2a5b0e64b8e5,7
77505cb2-5eb9-4b72-96f9-2fcfec87126d,7
73ec1ac2-d148-45ac-94a8-9bdff51730d7,7
6ed86ad1-75f8-4fa2-bf76-e112c48aa4d1,7
6d6a46e2-14b3-41bc-bc6e-14482adacefa,7
6c26fab1-36fd-4135-bd83-4cd2d60f3ca8,7
68fe84bf-7ef3-48b9-b0d0-6364d508b422,7
66face36-3144-44c3-9a40-5a393a3ad4c6,7
666743fc-62fc-4328-9356-6d77698e7915,7
63c9023e-64a3-4c67-9516-3d4beddb3923,7
63a097fe-3b1d-4196-8f3d-793d48d40b7a,7
5d92dc8c-d5f5-4bc3-b399-4b50e4113c56,7
5c471be2-6bab-40f5-ad84-6f70ca626314,7
59995457-d95f-475e-8c0e-f015d0f698fa,7
5907522d-6d0c-435a-8f6c-776f4f01551a,7
7f49902a-5c65-464e-8d1b-a5ef8cd655f9,7
8142c68c-8471-4b78-9461-69684dc84cd8,7
823e936a-d6f8-4afa-a31c-727b1c067a3c,7
88afa92a-ade0-4973-9d23-872c270ecf48,7
8ecacdb1-51cc-41d9-9751-89fab61265cb,7
3ddea751-07db-4c2d-982e-4c849029796b,7
8da3bb08-7894-4136-99bb-6bf265425c80,7
8c4515bb-a074-4a77-8ee0-812722e2f2cc,7
404631db-f3db-4596-b11c-162051695899,7
410c506f-2de9-4d74-a577-593dffe3030b,7
8aac0a51-d5da-45b7-bbbe-40b2b17d3207,7
426b7282-8384-4774-8122-ce8e1872c39a,7
46b920ef-fffa-44ff-b77f-bc570db1c1a1,7
87cb5517-8d86-4ac9-ab6b-bcaa7c317418,7
43240bfa-c9fd-492c-8633-cc6eac290443,7
84e57e9b-4e2e-408b-a351-2aedf85a207c,7
454726f7-b678-4ddf-aaaa-6a40b25284c8,7
8468c5a1-3195-4f8a-963a-f31039c843ce,7
83fc55f3-18bf-49ec-847c-945cc8cbfd13,7
4646fa98-854d-4e26-9ca8-79f88f219097,7
a7385ac3-bdb1-470f-8ae9-54c7b461cfd0,7
57178f73-c02b-44f5-b06f-367e76ba973d,7
d3297e12-f369-4f07-a55c-05b4cab8b018,7
c3e2cdea-e061-4439-8d61-bd123975279b,7
1e4501db-d33e-431f-a0ff-782f81a9bd78,7
1e77c24f-5637-4eac-b2cb-b64af6281d33,7
f1b3bfbc-33f6-4fab-9bf3-c16005a1fa82,7
c83b84e1-5f8c-48b5-8f32-74338d49de3f,7
c7feb614-4f4e-44a0-a1e3-3dee86b5700f,7
c5d79d2d-7ca5-406b-86fd-a0d21b8adde0,7
c2eed63d-197f-4be0-8d98-ddc34e596d20,7
bae41332-2178-49cd-aff1-643258e73dc0,7
c21f25bf-6cb5-4d95-8bec-daaea49ca887,7
c1da6ff6-b0dd-412e-97fc-b9551171d3a0,7
17e69a04-8362-43d0-a990-e53766e705b8,7
262d0d76-5bd3-4659-8eb4-83a61b3b9745,7
280a7318-4389-4224-952b-74bec71d2e74,7
be4979d8-8829-4dc9-818a-f9b84565fb23,7
1d19180f-f126-413f-9cbe-09d7e75deec6,7
1d157eba-db57-4a02-95a4-4d0dd66ddd5d,7
1ce0c003-25e7-473f-8796-0fe04d6c275c,7
0ef242cf-8c59-45d7-acfc-dadce146c907,7
0f4641ed-3815-426e-9c58-6b9dd3b41a3a,7
ef4aecf1-6671-4aa3-8a4a-ad3fb65080e2,7
11f3aeb2-c077-4047-90f7-c6476ec0826c,7
1b8ae42b-46d1-4b57-a8eb-d7fe45a8b438,7
d212350b-9091-421e-9eb4-46aea5e34b3b,7
e7eed2a6-4d1d-4ff2-b642-3768dc6499b7,7
1b41b513-0bdd-4e17-9f11-0e1575a19c06,7
1ab6d781-a50e-42e4-90ff-0138f42762a9,7
e64a5ea4-5d6f-4aa9-b065-63ca01e89549,7
e1ec93c1-cac3-4adf-b0c9-676cc66a9bd8,7
db81fe55-06ff-495b-bb73-aea8b4afc60e,7
de87e3b8-3910-4606-a64e-66c43f4c6bc7,7
1795cb84-ce0c-41db-8de5-a6091dda5dc9,7
2a86e17e-d27b-43ff-9a4e-c666204f8acb,7
f5a36a18-3078-4c4b-8bef-a518788defbf,7
5868e3f4-cf3a-4b0d-b720-cc3c7ab040b9,7
fb417739-38df-4fa1-bc22-e4ca7fe24575,7
aa3a787f-9dbd-425f-876f-5751572554d8,7
ff67c873-6496-40dd-8ecc-5d873883a763,7
abc5947d-72c5-40f9-8fd3-9cbf894bbf19,7
020fdae8-9299-4ab1-8f78-0540d8e76068,7
acae50d6-747f-45c4-a5f4-2ae04e641121,7
addab700-7a42-45e2-af49-219578b3c3ba,7
0230f9af-e89f-4886-8322-52a38eaf991c,7
30b9edff-c718-47c8-ae04-406fc31b8796,7
b1656ef2-d2b7-4d26-8287-24686b87f6a9,7
fdeadab8-650e-4116-a7f3-c78e714af0b9,7
02b3df53-9cbd-4f78-98fe-87f963d1de47,7
2d22b565-bf04-40f2-af8d-a967606f8308,7
fda92ccb-158d-438c-9d1f-23deb86a27e3,7
fca4d814-f848-46d0-bf83-e33a7091553c,7
dc03a14f-743f-4799-9139-db83da8cfa35,7
2c451ad7-dc3b-487e-be24-e91a2630629a,7
b47eecec-b12e-4aac-9c40-e12c622e10e7,7
b5c562c0-5d80-41e7-9245-b3bf83435bc7,7
fb226113-732b-47ae-8974-815c6dfe5cbc,6
e29444d5-af18-4eb1-b815-c50bc05db772,6
59bcc3e4-7023-44ba-b6b3-e0dfd37a9a20,6
7349dc59-67f5-474c-a3e4-14cc82fbc577,6
608b9b25-60a4-49a5-9874-09a3b0774d40,6
f84a3185-6019-40da-b846-2be4d460c5e1,6
74d58e6e-8157-4bf7-a102-4b43218cae43,6
e5c5940c-e7ae-4d68-a5de-c0b06d81a54a,6
e54dc2cc-3547-43a6-a87f-62ff76ad4c63,6
ff4f151f-6a94-4f02-980d-5056ff9cd449,6
782bd0ef-3e2d-4754-802b-5ddf49b2564c,6
5a1c900e-6a14-4426-9595-e0e6fba23dc6,6
dff9e8db-8f78-4405-9af2-a446c45b8a35,6
7884bd3e-d48f-4afd-87dd-2a7552c04480,6
dee7a6ca-f26b-496f-b29a-99dcda6ee547,6
fa87b223-b300-40d3-af72-9ef7a2a7c418,6
58a7ebd3-00dc-4519-b78a-863b3f3385bd,6
de0a33ed-23f8-4975-88e9-2927d941d2f2,6
f704db53-eacf-4689-ad42-6477592cd3f6,6
6053c3a2-b6ae-44e3-8531-f899f14987a8,6
658916ef-39c3-4e2a-878a-df1c71dbf471,6
5fb64dcf-8b43-46cf-bc2f-9eb7f419002e,6
5fada011-5207-4df3-bd31-3c3630317542,6
f4552bb1-b079-4c1d-895b-dcf1d746aab3,6
f22987c8-9382-4fcf-8da2-fd31c1d34e8a,6
5fd8de38-d691-4628-95f3-a5a17183ce53,6
6b74dbd1-c7e3-4f8b-8aa7-5369070b7992,6
f0cbf1a4-c62a-404f-9041-8c5d75600ada,6
faf590ab-a4ca-4ddd-81c3-24d767bc9f21,6
5c0b23e4-e800-4213-8cbe-f834dd88e552,6
f6e9f530-21cc-4fb4-a4e2-61844f38e825,6
fa398789-bac2-4680-b080-773455694504,6
601c0689-afa9-4c82-bc37-14f5cd7b7816,6
6fd25706-4eba-42fc-8d87-67e1cd9b6dbf,6
65c36011-ee73-4288-b1f8-78e1b8068ccf,6
ef258e68-3c74-4dd6-8ac2-15ef34cac3a1,6
704db6cd-7616-4871-acf8-d1589a0422cc,6
ebc6245e-ffb4-4b0b-8278-bc7de9f20384,6
e977b3ad-efc3-4dee-842e-2c48a90879b9,6
60fb8aee-a6ed-45fd-97be-b60d4c26bfc3,6
a7f28d5b-54eb-4963-836f-47c43f5c2e2e,6
db971786-f59e-42f0-be99-d21c6414dd01,6
7bab288e-cbbd-467b-9f4c-6a1a4e2ac62f,6
bf72d5aa-a63d-41c9-b395-0166b8315a29,6
be8dc89f-57de-429a-be29-65d8977cd92b,6
8f92db2d-b971-4daa-b349-1dd1e691708c,6
b80a25b8-a567-449c-af7a-420c46254112,6
90e65ecc-ab2b-4f8f-aed4-38ebbd3ea3a3,6
b604f8cf-7d9c-40b0-8bf2-3bd260b3be3e,6
92233fae-d051-477c-bd99-58b80237f0b6,6
b5e20dd1-d8f4-4782-86ab-4418f0c32173,6
9320d367-f137-45c8-8086-09aaa1aa4253,6
9385dba4-9ca2-4de9-99ec-198c1a7409d0,6
966bdb30-f9fa-4264-bb32-66fe2ef45fc9,6
96bc14e6-7f18-4c84-a2ab-5800eb15ccf2,6
b44c7c4c-9436-467e-9d37-699cdaca29bc,6
9a9cacdc-02c6-4516-a9b8-840dd86c4fe6,6
9b473171-e8c2-48ab-b7a7-6b451d60ee35,6
9b85c961-aeec-46d0-a65f-78f0a7417528,6
9be31af3-06fb-449f-8a77-9c77a4f90408,6
b30da28c-0d83-442d-b79b-77bdcb7fc80f,6
b25aeb4b-c037-4e37-9f9e-ce6a4e76e800,6
b1c9996f-92f7-443e-8dab-0432483281cb,6
b0c299b0-3324-410d-ac83-12d3d1e6968f,6
ad01861c-b981-4ca2-b5c8-cbada25825ca,6
a1ad72d2-d56e-484f-ad73-14684cf24efa,6
a3d2cffc-8286-47ac-bd57-6d291b60248f,6
ab89ba25-afa7-49d6-a06b-d4c8eff14fe3,6
a5e5336f-262d-449e-ac80-67782918f29a,6
a6c660aa-6e1c-4fd8-b497-c22c81486b08,6
8de4afe5-59b3-4f84-9282-8a1c4ff4f979,6
c139c0c9-c847-4777-8aa4-b05f0620e405,6
8d23c80b-8af8-4928-b65e-29e491309ac9,6
82c3ccd4-b457-43c6-b640-5913977dbde2,6
db936c87-5e22-4545-b583-bccbe0fe760b,6
db3c63cd-423a-4a6d-871c-e312cbe12084,6
7c4bb443-fdb7-43cb-8655-67b356293bb9,6
7d40db59-0c18-405c-bb48-e5f3290fe144,6
d901e9f4-6e32-42b7-bc84-c6a29def11cf,6
d7f3371f-22a2-4538-a8a7-31d526420bbd,6
7ffff649-1a3a-4a53-a937-9ece3ab752b2,6
d7bc6d0b-2463-4a42-abfd-ac4615f8fa37,6
807ba8e4-a779-4c60-b8c6-732e017258f3,6
8105ba11-f657-4c76-b9d5-7b0c5f38e9ea,6
d56d6b35-df26-4633-99b1-1def3a8d5591,6
a9f01343-e351-457a-8598-41d316753c01,6
83d80dee-efe4-4e92-8f99-1b820abff073,6
8bee6ade-1d9f-453e-b1ec-9a2c2bd5a973,6
d1b7e58b-5a19-43e5-86af-fe1b1557dff3,6
83e0109b-79cf-4f92-bc69-1079e2cd4729,6
d1816433-792c-4dc7-ac48-be238f04fae4,6
d1680fa2-c7c5-4da7-9670-df1866169913,6
cef587fb-eb21-4eb5-8bd7-ffc43abb54db,6
84e2ad6f-8480-4a5c-bb6c-fb53da711e27,6
ceee072d-b6a3-4b02-9f7c-aebe25f1f943,6
854d6288-0532-47c4-b908-b07dae2e8f77,6
8776a9e7-9e46-43f4-821b-007545846782,6
ce871e5a-123f-4070-9cc6-abdb9a3f4602,6
c9b0cc04-483a-4f81-9fc3-b5e7c98faef0,6
8893c08a-d281-4927-b93f-3e1d72354f80,6
803aa254-541d-402e-a720-d7659c8b93af,6
ffaed591-9da5-4094-9e93-040f4300cf29,6
235460cf-4ee3-4573-a67a-655b74752ee4,6
4af5437c-52d0-434c-b02c-0b4da08016b9,6
2ce066b8-ff75-4bea-bff3-16271d7136c9,6
2e1e2f0c-09f5-4606-951a-b75c82f29646,6
51e78da5-b725-4ec3-97ef-4d4b37eb2505,6
51bfda3f-e5fb-4254-9ebd-106b436dbc4c,6
1b354afb-a8fa-4b43-b954-b0a1ebe00aaf,6
13ee88b6-d2b9-4819-bfa0-dad0fa39bce3,6
1811e28b-baa0-4c36-a793-170a240a8311,6
30eb987d-a1df-456e-90a6-d70579a33789,6
0370c1a6-293d-4bc5-b46c-33efcd764c9d,6
30f32365-1d5b-49c9-a3dc-17aa3038f008,6
5156a5bd-d750-4a07-8ae5-6fdc39b0fa2f,6
0c1db2bf-400f-4687-9780-928415e1dd75,6
513c26ab-70a1-4be4-97b3-837f62089c54,6
3217d8e7-5b04-409d-8117-2e994eb54063,6
1427728d-c234-4c1d-a8da-a938e4441fdb,6
3245d5a4-bcb6-435f-b7c2-7568837b07f7,6
32b569ce-7375-4f4a-9c51-be358745f2c0,6
0b42a69b-a547-4752-a7b0-b940f72c40ad,6
38ab85a8-d4ed-4e5c-a833-1d5745f189cf,6
16755208-dfb5-408b-8d5c-e426dd438bb0,6
4755d6e8-7cd0-429b-8073-c7a827bf8aec,6
37d4e762-810a-483a-944b-251fd9c9bdad,6
34882055-769c-48a5-866b-ed5c288848b5,6
3493deba-48fb-4e9c-8f73-7793c014236d,6
4d4bd16b-c3c8-4e4d-9cfc-83468d0a8f3c,6
0b36b118-ff0c-4c96-a3ef-b6fe4faac714,6
366ac39d-58ac-4349-9e42-4e53b7647d34,6
2c551bf8-c71f-4183-817f-e4c6af4315fc,6
2e4ce6ae-a4df-49d4-9cc3-8dc2e66d56a8,6
1a1a700f-a044-406f-82b8-c9e4274c1e16,6
469ae040-a16d-49aa-b54b-5fed3fa0fe69,6
414adc07-3e4c-4ff9-8394-59534586b652,6
2a4a5104-fa1d-41ff-ae15-5826b8496a72,6
241559a2-599c-49df-bc97-d82bf8d10f79,6
022c1627-8cc9-4442-a80b-985cf2dca1c6,6
542b473f-f1cb-4c7f-b838-efc46ec00c7e,6
49333b48-0b70-4cab-814b-ec56cb3d9eab,6
18b06dc8-2543-45e6-8f47-3d0561649889,6
13d10daa-e6db-49b6-bd92-cc60d46a6b4e,6
40e0ca52-e849-47b5-a1b9-d86823f3d4b2,6
46bb7201-7327-4fca-949f-f06a0bfd2901,6
183741ef-5d78-4529-a108-bd8b612bcde9,6
1390575a-b3c2-47d9-aa84-89867fe9d910,6
978c3e75-c9dc-45ac-8367-c15c1fd1ad90,5
9705f2f1-0617-4b8f-aae0-668fae5fc873,5
38d4cfca-8581-4341-936f-cc7060410180,5
ed0645b0-5ad8-4258-ae3a-999397b9bbdc,5
d140b61e-6add-4fb7-a040-87c2862caba7,5
852d7a07-e8b2-4ce5-bf4e-8e31a3f7cd67,5
d1899939-d13d-42a1-af81-73f473b952c1,5
3f94164a-a015-454e-81d4-47a3eb92cf66,5
442d05b1-4587-4928-a62d-da75585bf0cd,5
447584b4-3f12-428a-aaba-36412f8de8ce,5
9901ccc8-35bb-416b-bbe1-4f2bf0377e6d,5
d11bad81-b9a6-4af4-99ad-52bcd827e736,5
d7ebfedb-b85e-4603-ae39-292488dc47fa,5
9b9620dd-880e-45e9-a0d2-561b463f74b9,5
d019d3cc-07d3-4533-a697-865ddfa886fc,5
f8d529c3-9c05-473a-8b24-07a6bf561353,5
37cf10bd-4d88-4773-84f8-f06eb83675de,5
f55573dc-74ce-45ae-a9ee-c3ddffecd19b,5
9c6e302a-f963-46d3-bbb3-155f71799902,5
eb2740ff-ba20-43ff-81e8-8ad77568bf0b,5
960fb90e-eddc-478a-a64a-04b9dded3a05,5
87587905-cd78-41ab-bdff-3e3680942fd5,5
3d1f0541-9dce-48a0-b388-3149b8c07ed0,5
8dc915ee-269c-4e0f-878a-c288c331f513,5
d39f1e34-a123-46c4-afc8-16a30002796a,5
8e798cb6-d967-4b69-93e4-5e78f78d3f7c,5
8eaa74cb-7773-4515-ba7c-96a929759bc7,5
f65c0e82-5648-4270-b525-e11e40a30974,5
d384027d-ae16-457e-b472-a143e84eb446,5
8f11d2ed-f3c3-4cd7-82bc-a010bd5c5dbc,5
1acac44e-28ce-4801-ae6e-8d80afdff1e0,5
ee97c30d-d6e3-41d3-8a34-f3d5d945edd0,5
097107fb-58ce-4802-bac9-bf3c3522ed7a,5
900f5fe0-81f7-49f4-aa5c-32f7df558cad,5
39cd5274-69c6-4b2a-9026-455e7ea7ebe9,5
d29c9534-c77e-44ed-84ec-d74f6d7862d6,5
89595f22-dde9-4f9c-9467-26e4b66e36cc,5
ecb19de5-5c5f-4f2c-9701-ba751ec579ce,5
d6fb44a6-87bb-4caf-b28d-58b860e26d48,5
42e6e5f6-c0e3-403a-a206-068af7304294,5
43b0c366-4f5e-47e4-8cbb-bb73397d9b1f,5
eb90ee74-08d9-49f2-8455-4402c4ceacbb,5
d2639dd9-01a6-478e-a8f2-30f81a9364fe,5
d1fbd9ce-b21c-4771-a974-3a6fb6561a92,5
0aa48365-e1d6-4dbf-8c92-87fe3f3be211,5
9e264040-b991-4d60-a3d5-e809da7dc603,5
a87ce340-fceb-4cfd-b382-285eec9e9d89,5
f4d83663-21de-4b47-a1c0-ba12e175c2eb,5
2c85303b-425d-4c80-93cc-655b56a2d95d,5
b6aeccba-d907-44fd-9a11-17fc8bcbff06,5
ca5e14a3-e5c6-4764-ac5d-d3ac7af25666,5
b7da62bd-6044-4450-bdb6-994f5c430709,5
2c35b9bf-a563-409e-9243-d5892945462b,5
c9ef8410-b5e8-4b00-9e33-02928c65bd3e,5
2be68fce-1bfe-4093-9d9d-4381b307433b,5
b90e1c22-dbd8-4dcf-9058-dde98bdc8a9a,5
b9cbbf41-8669-4843-832c-980bc014e7be,5
b9e4547f-1192-43b5-b130-f115a5fea6c5,5
ba78de96-f4d9-4354-94b6-725bad57bcf7,5
20255ac0-1a78-4005-bd6f-b27d3390225d,5
0d1d2726-2239-4a12-9a3f-138b3cae767f,5
bc28a01c-d2ff-4f20-8d2c-d12cbd84117f,5
c852c2b2-9a7a-4695-9f6b-97dfcdd31657,5
bdca3d4a-a4e9-4f50-b87d-20a926d0f74e,5
be0c8b4d-4bcb-4aaf-9736-f5495f8f20a7,5
0e3fdbba-8b38-4d16-aa26-ee92b336bdce,5
27cf0bb6-3488-4662-916d-3ad04eeec9ca,5
f03b6423-10e9-4f65-aef9-a49aafa99abe,5
2745c804-4882-4369-a533-f285f1a0719f,5
25b89810-db91-460e-bc8b-ade6916cf82e,5
c6c77500-a454-4bdf-bc56-ec2b43a26f1d,5
24d45486-a6ff-4fc3-a245-83eef697d964,5
c64bffbc-7d53-4173-a0d3-b187b889c6eb,5
225baf40-d168-457e-a45d-3a05edce50ac,5
c328e7b2-ed54-4590-b887-d72297aca7a5,5
c35cb0fe-e7cc-4ae8-820a-13c86badf890,5
2c3c2c85-c7e3-4f0c-9716-2d1303f4920f,5
b4f3f4e3-7316-4a64-9015-eb9361de382e,5
eebaa560-eaf4-4424-bf54-f8d74905975a,5
cd0fc559-6914-4033-9cb6-d8eed6455b85,5
1c88fb2e-b338-4f7d-a43d-ea45a346759d,5
34beeedb-e389-4079-a78e-8e449765d668,5
a2a2292c-ddbb-4746-ae51-576877871128,5
a431e6c6-5a0c-46c9-9275-f3d06ba95263,5
a52d13c3-a769-445a-a6d3-71f2ec08c0f0,5
33f1ae8a-8116-4782-a2bc-2632d1d7b10d,5
335a3eed-f53c-4daa-87b1-1216e6132cc8,5
1cb46f7e-b75a-4d35-a033-9e16dd58fd9a,5
a8204afc-4c39-43a8-b6c7-ef88992748b6,5
f40ddd87-bb06-4d0f-b06d-867730fd0413,5
f2a4aa8c-8936-44b0-a698-687a5550b87c,5
a9c748d7-798d-45c2-ae3e-92be9c2dd547,5
aa0dff10-6794-4ab8-ac39-8e72037e0f66,5
f27eca8e-6f92-48df-8768-ac733859cbb8,5
ce4125fb-cd1d-4f11-be60-fad42bdb723f,5
ab6fe2df-5182-46f3-82cf-80c5833f2366,5
eebc79dc-ec39-449b-aac4-db6165bec582,5
ac16f26a-6861-4644-94a7-b548f47ef770,5
ac71b1ef-137b-4ad7-ae2d-34a4a88ff9ba,5
acba34e9-8ba9-415d-9004-5010bd48cdc0,5
afe7adfb-8ed8-4e9e-a44e-b67af0a9d644,5
b104662f-3720-41ab-a5bc-4bfbe158f328,5
2f78ce7f-d50c-4edc-a7b5-e25e66b29fba,5
b16e4938-6c6c-4ec9-b3d1-48eebed687ff,5
2ea9dba6-b3cc-4572-ba5f-4b54257de172,5
2e5ec1a0-75d4-4166-8e67-87df8dd93a26,5
f1d4b388-ca1e-4d77-a293-e2b6ccd3fb2e,5
471e1687-07ba-4bb6-8341-839bd3d7c851,5
000a9443-7efe-4db6-a4eb-56ca7a6ebe9a,5
3e350d02-ebab-4932-9010-dd6db50ad129,5
4a95e27b-2eac-46ea-90ba-dbf1954b3df5,5
faa55a49-56e3-4584-9f19-8a70cfebc145,5
77224f7c-7e72-47ab-9b65-f809c872efcf,5
dc4431f1-21c0-4f95-87a2-18283eecb498,5
518ee7d1-ffe4-41c9-8601-b2f724f4798f,5
64ada2e2-cd3f-44bc-952e-7aa1050d34cc,5
63ef8f76-eed0-4d01-b645-8eb9c9b15a2b,5
e17a5041-c049-4036-b20c-5ed040bc13cd,5
632fbed4-f414-4493-9676-6ce1e75b08fe,5
6251fc65-7b08-485a-83a5-91a05a31687d,5
526b113d-eb69-4495-af20-c767deaf601d,5
791661b2-07ff-4cf7-bc15-a22368ba3c8a,5
53274ab6-2671-433c-87d9-87a4ada67987,5
fa3b58d4-780f-43b6-b41d-e4b9cf9950ad,5
4b65d19d-0442-4617-886f-f8d2bea13ddc,5
7a7977f5-0287-4105-9b1c-bf408f02d715,5
7a872ba5-aa1b-4374-a4e5-73a555e6e0b0,5
e1f9ba5b-2039-4f13-990b-2235897ae30b,5
4b304bba-650c-4249-85a0-c37b16637a1a,5
53795ada-9e5c-4610-bf60-221f6cc3cefa,5
509d4c9d-e026-4317-9c35-60373cd016e5,5
74eabd61-8d5f-4b81-b139-e071f2634966,5
03e584e6-e662-4ebf-9458-13ebf5deb84c,5
6c9c02fe-e9f4-4cb2-82db-2231928d81fa,5
70709c10-6e95-4d93-b8c4-ce4e4e9c1d16,5
fb02716a-4474-4273-bf35-08d4280997b1,5
4e425075-2afd-4e2f-9999-529f5e75dbcf,5
f9032c5e-37b9-42f8-bc5d-794bf894c5f6,5
6def3fa3-7ad4-4431-9c96-55af6ee7193c,5
6dc67320-63a5-45d9-8f1b-2c97c07ca935,5
725dc72b-b03c-43eb-907d-660f389e53ca,5
726ba747-ffac-4374-8391-84970f377cd9,5
14c766bf-5f51-4739-9036-10837d769bc8,5
dd947420-df8a-4815-a81b-87931d33e108,5
6c592eb8-0204-4863-86cb-dc9bd95e7a70,5
14910a64-ae16-4d0c-9380-d182dd129b8d,5
07d4c584-1b5a-4e5a-ac90-c0a1f91c593d,5
74146ee9-16c5-43a4-92b2-95f94d6fc9b7,5
4fbc9eb8-06b3-4772-84eb-b369d86d6966,5
6b696e26-510c-4baf-aa4e-347d2360c0f5,5
6a9faea6-0b25-4f3d-9e86-669d1e8d9a67,5
fbd44305-ef42-4abe-b7c5-280a2c766ba0,5
027a44cc-20b1-439f-b513-03720795481d,5
4f011993-a8c1-4ffa-aa49-50befca01926,5
598359e4-a853-4b76-b286-6fef41a1a376,5
da5a9e98-ff7e-42de-91db-871a38c39772,5
7d95181f-3972-46fc-961a-6369c17dcf7d,5
13bfa7d0-62b7-480a-b1bd-d08dd1da2b66,5
5c2a1b06-3f3b-4e61-9ea8-669cb76c5dd1,5
558af142-efec-4fa7-8a70-e5dffe46fc5d,5
59e15d07-3cbd-4fe7-8569-d2df481ce552,5
db47008e-3b01-4a0b-8dc9-5fdd84c3ee7b,5
1349faae-5547-4996-84eb-ebfdf7af7e83,5
e360baa6-ef40-41e0-a5b0-926c7253d5a9,5
802aca5a-55c9-46ce-ae8f-4fde193f371c,5
49ccd0e4-42b8-4e43-860c-fb5a2b19bfea,5
0148ea52-4d63-43e9-a4b7-f3278a048e64,5
5d2f43fd-2aa4-4c36-a073-1cb0c5928912,5
e2fa2bb6-03de-4887-a118-2ddfbcb7587e,5
5ebd5e12-ba2a-4bf9-b7e4-92ad24711cd4,5
db8033d9-f4f0-400a-8454-693ece649215,5
d9f9538f-1b7e-4f35-805d-924b309d75d8,5
ac1dc7ec-c361-406d-ad7d-1032074c157b,4
558e3c28-d34e-4fc6-bece-835a376855c4,4
560dc0ae-1ff9-4b96-be0c-ea4847e6c99c,4
e4d88c42-acc4-4200-b754-9d7d6e52d34b,4
6bb6f536-a37b-4bda-8ad5-4b3f00f477bd,4
2a298963-1cbc-4eec-834b-ab44542ae366,4
ab40ca1d-63a5-454e-8290-e535a51d2b90,4
ab53d9c0-b7b2-4049-baaf-2a1c2bc15834,4
219aabf1-9579-4ddd-9e15-af82c3252f1e,4
bf2c17ad-b303-4a65-b610-febba4efc8bd,4
aba29589-7865-47b2-acf8-066e455c37b9,4
b8b8fad4-6967-49f2-b9be-6f1d8841d652,4
1d9309a0-ee8a-4b8c-aea7-c0eb8e31a59d,4
56ed0585-d39d-41e3-bce2-c41db07867eb,4
2293338c-fe73-4afa-adee-fabffc381990,4
c33ec730-5fae-4fb3-910f-9ed6d296a98b,4
4f1c5ccd-5189-4edb-accf-f16406d34225,4
168b5508-6d34-4011-a6a6-4920607d550f,4
fb05bd0d-1352-4d64-8bfe-3200b8d191f8,4
054709b7-5409-482a-bd83-7178392ae6e4,4
3304c573-25c8-408d-978f-c07b3dca80b7,4
32e47b31-a42a-4dcd-ae31-fefb2ae0a324,4
04458977-eff5-44f7-bead-09879b4e0f34,4
e5564151-6819-4560-b743-0fe319ab1b56,4
6da52ff1-56ca-4b76-92b0-c565205c7887,4
56d93ac4-ff1d-49d3-a968-5838cb844dfd,4
32dc8ca6-15ed-4349-a5fe-1f23a4605312,4
56d41b80-efa6-4932-b693-6c3eba16585f,4
6d58b3f2-2990-4294-aadf-ba7e670248c5,4
21b8c26f-5547-4153-9b87-5d62315f7d5a,4
ac23ef76-9e16-4680-a331-cdb395359874,4
bcde0c42-3450-43aa-bf36-1511f347fabb,4
bd641787-987c-40f2-84e8-d90134b4bacc,4
b6367373-58d9-46e6-9775-c66e7e63f410,4
4e736945-0f89-4941-aa15-69cd47c3e187,4
5202cd85-2bbb-4dad-aa92-36ef1a202007,4
2cd4636c-122d-4c46-a326-9927cf4e0990,4
2b7d2b12-18b5-44a1-90b9-87b247b5571d,4
13e10ff6-fb1c-4457-b74b-6f981f228eff,4
b61c42f0-8009-4d24-a7ab-b59c3c7af17a,4
5497bc71-b15f-4161-ba6b-a5c6646e988b,4
e7055e61-e5e0-44aa-abfc-6c7310ee186d,4
ccda3a7f-28d7-4ca3-9f29-d3aa181c46e4,4
b668c5cb-4a60-4e44-b47a-fa3469cf7207,4
ba29cf14-824c-4c3e-8c78-5221b153c272,4
0ce93589-4275-4d3b-9a34-3fb03252be29,4
537651ba-033a-438c-832a-ac1ddb7027a1,4
12a9cc86-8b27-4f0e-93f8-43ef5de20aa0,4
e81edece-4485-4a5e-9434-b7ebefd92b64,4
f1659c1c-e6d8-40a2-9491-0b94b37cb594,4
0eb0b875-41f1-4ede-924c-5df6d4b9fff1,4
cd1544f6-bef3-41e8-a34c-be949f482233,4
317a2bc3-5f95-4d35-9a94-1f2f38424c4f,4
bc73ba02-e53c-484b-9156-4060fd09ff31,4
e900218b-d526-4b6f-ae52-be2fb8aa5245,4
f108b0a9-5e62-4310-9f89-6727ec84490d,4
f23fb817-da8a-448a-8666-1feb67d02f1d,4
cd977b32-6434-4c0c-80c4-728c7723b01c,4
65f9b8c9-be84-41e8-95f7-049d19e1a252,4
ad8c4e07-c627-43f4-acf6-458487bdcc70,4
e075276c-0317-43f7-93be-cfdb0640ef38,4
fcb97ac6-b5a0-490c-b36f-cfa93608ed4e,4
bbd1d57a-9565-4c8c-957e-c96883300f3e,4
f1dc4550-7c38-4e5a-83e5-3f73d348f84b,4
30e8ad07-c212-4c99-be54-793d054bd455,4
b1424594-b5a5-433b-9131-3357ed16a649,4
64dfcaa9-2398-4a66-96f7-3bad61623420,4
fd5521f0-d968-4090-bbfd-1b9a845a366c,4
2ad82593-4b43-43a6-aa0a-e3edd2852526,4
e8946992-d077-4187-b74d-15282dda9386,4
0287bf80-0314-495e-ba5a-04257781c58a,4
47421247-9b0f-4947-ba01-b0db24256b22,4
1ca14264-6a5b-460e-9192-721c93373d56,4
4b946680-ce18-49dc-886c-fbe85fc962b9,4
401e3c97-1669-45b7-b74a-4305cd2d1694,4
09ae384e-5232-4d49-8dfa-4efdbba2e754,4
d496e243-204c-4abd-ab34-ce1a19b6e935,4
3f034c64-c11d-4c11-a26f-71adcd0ae2ab,4
4b0231e3-2ced-453a-934c-5473c0901c0a,4
4b1dd45c-2d4b-47da-ba88-efeff5fae119,4
7b8498b6-6ad1-4690-a246-fd0e3902162f,4
8e98bb62-1771-469c-8ddb-d7557b3d7fc9,4
8f1acf91-5964-4929-96b4-4dced672c4fe,4
79eb6c8d-85b4-4e21-9715-c7435a946fc6,4
8fb18b66-f548-42a7-b394-c1be963cac29,4
8b697c79-4672-4a4e-ac87-c4ab7777d340,4
d3249b9e-f038-43d2-8d89-8296fcde91ca,4
d2b4b954-a420-4929-8748-d4d1f6e41394,4
90ce6c6a-4d7b-402d-9437-51a1b401712c,4
3b1dec48-c678-4950-b4fe-82cdb6e6cd31,4
a050dc81-f987-4a04-8d98-2ac3b0e8c51f,4
1b4d93d7-4d04-484c-953d-25b0c9cf5644,4
4b978311-6f93-4b47-9017-a8fba76ba97e,4
787839f4-0bcf-4dcf-919d-d399e7559dc7,4
91f0123a-58da-4dc4-a172-635f580e1ccb,4
4bcc7557-3760-49e3-895a-f122d9d112f1,4
8b9a68b7-3321-4706-8623-ef32c0cdc5e8,4
4117c4fc-9785-48ed-a50a-e9781b418384,4
1b645a5f-5cfa-4cfa-a8bb-5c5cfaee08a1,4
f8750afb-e3d1-4069-9fc4-f7fb7474a363,4
f8e8471c-afe4-4f1d-b4b4-b364cfc9d9c7,4
45aaceb2-ab4c-4e92-8817-1af621275c76,4
d91c5e9a-ed7e-4f4a-b62b-ddabe069198a,4
84094e57-433f-4497-9c7b-dd57884efcdb,4
18c40ee8-34d1-42f4-8e60-551f219e9af8,4
809e6d6f-fa3c-4c5c-84fa-e55006267201,4
4887a7cd-c411-406b-85d7-8f273b04a0ae,4
7fe1bb51-71e7-443c-b796-61299db54b32,4
d7c5fe98-3b65-4eae-91f9-dc46a60fcf02,4
862f7285-cef6-4d2b-8247-735779c2532e,4
43b180cc-3681-4ccb-9d34-503f7f98a6d1,4
7c3e5bc5-e8d4-4173-9940-dfc2c2a68fa7,4
495f4ac5-c45d-4e6c-bf21-5193239e9843,4
7ee05cfe-f40f-4e88-a637-7d6b3474b963,4
87982f3b-c465-47a6-8c8e-4a90970fa414,4
87bcfa91-0fcd-4818-bd87-c924b3528720,4
111bd80f-e8fd-4bb3-ae02-907876ecad05,4
423c17d2-adf1-4236-b6ea-2b2b9372ab04,4
f9ff7109-c3cf-44d4-b8bf-f8528c48c5c8,4
89a60fa7-bea9-4c35-8713-b41ed84c8034,4
8a759554-0aa0-4b05-9334-a0093edc867b,4
1a788761-76f2-4e58-9617-d18ea53c3477,4
3a5dab62-cd26-4be6-a04b-eafad66bc3f7,4
914b5910-d5c8-4747-ac02-815afdd4fafa,4
0ad99cde-6ca2-475e-88b8-ad81281c05ac,4
727c1297-0c9f-40e4-9ab9-8439ac485281,4
748102c4-33d6-4f3c-81e3-e7f0820e7e5f,4
99d7608b-f498-494b-bbf9-d896cc743b89,4
3a2fcae9-5fb4-40ee-8164-1ba621ea02e3,4
9a0f8993-78a4-4770-a26d-d4842e32e2ed,4
fae3bb13-afab-45e7-b321-973cc819d6e8,4
38683e05-8c1f-4c77-bfc6-cff7ab3237a3,4
37e369a8-4477-4d5d-acd7-4e3b8059586e,4
9b8274ec-0e8f-47fb-8b16-07e1ec115798,4
0763ca6d-f50c-4ba6-bbc8-1690d51317c3,4
e640c31d-e996-4a18-9c0d-0cf9cf34f213,4
4ce801d5-2462-4aa3-af06-0ef7a07a3606,4
726fada8-4c18-45dc-aea2-e99a5701bf86,4
9c699d5e-684c-46ef-9a56-f8a7953a3125,4
9cdc86cb-63a4-4a47-906f-2e0a6f82e50b,4
1767236e-c6c7-43ec-8ea3-caf3e13464c9,4
362a412c-60d4-4244-9d91-e8848d0e9ab2,4
35657cbd-2486-4645-9268-2d7c694699ed,4
34fb9d37-6e43-4e9c-8b8b-1d25a67f0ec4,4
9f9c332c-4ebc-4319-a62b-6fec91818008,4
a045db4c-14c7-4476-b9e0-b30c1a4d1df2,4
98c7b0e1-b23c-450e-a023-1cf7c274603c,4
d12c18a4-bd6f-4a41-b867-bc85b5f0ef01,4
4db64146-3864-40d1-9908-faa3f4a04a80,4
967eeb95-b37c-42ce-9f0d-344070b208ec,4
946a1575-6781-4219-884f-c95d245cbcc0,4
9493d101-2c8c-413a-8781-d4417a2c7344,4
93c760bc-84ec-4c16-a261-b102e256d859,4
9494f39f-1449-4074-9306-871b2d7d0988,4
0b0dc74c-14f0-407e-9a1c-4d7696276d6c,4
180fdea3-0f7f-4e29-9dc2-da30662727d6,4
3a102943-acdb-4a27-bc99-9d71ee5b9749,4
948a9851-6140-49f5-a0a7-588390cf7e36,4
180e4ce9-f29b-4d2e-a9c5-a2ca169649e9,4
93af863e-155b-44da-93f1-6b85c0090b84,4
9394bb89-93f0-41be-b938-827041f6bb7b,4
75f82701-c310-4db4-852c-34e0b1d6abd7,4
cd0c4e97-e087-4555-bc6e-492708b9d9a9,3
175d02ff-9812-40e3-bbee-3bbf6d671865,3
de64833a-b844-4192-982d-093d326557ed,3
dadfbe4b-cb40-4bfe-a983-2d57f0030b60,3
e0e39c4d-b1eb-46f0-bc8a-b0d8b1db0f37,3
e53e2636-2ce2-4ae9-bf19-f5c0d65d5c4d,3
ddbefcf5-88b6-4333-aab4-e46efbaf17b6,3
cd72c3ff-b8f3-41db-8530-7c840fb79a38,3
0fb07464-fd42-4c08-b16f-fe15a9ecacca,3
e58dc7f2-eb12-4fca-8b70-b170762aebbb,3
eb02c565-291a-4a85-9435-7e87f33c7dda,3
cf685b6f-f975-4537-8d7d-77889af1fb7f,3
d3c26847-87d1-4eda-b85d-556e8138daf2,3
18b15bb6-2e5c-4913-9348-2cff513acd75,3
ca30f265-f33b-41d2-89fe-789379de9c8d,3
10061c77-61b2-4b34-b530-4351b216f384,3
234bfb11-4c45-492f-9023-60137c2dd541,3
db74e34f-d059-4296-8b3b-ec0c50d21f45,3
e906e680-9a75-428b-90bf-a54e1f8914d1,3
1f52599d-401d-45a8-b4da-7424e6a74312,3
d527aec9-dc53-47a9-9f21-9cc1820cc3f5,3
1bd2d7b7-ba7f-4c7e-af76-51c3f0976ae3,3
ee74e2da-c2ca-4bde-abae-06902d2a7b61,3
d36e3c7e-01a1-409f-8575-d8642ef89311,3
1e7bd02f-dfd7-40a0-bc77-dcd7dd894fc0,3
d61f77a9-cbaf-4da5-b7a7-02d7853e6b96,3
d72856bd-e7ec-4620-b22c-1c59075f4857,3
c857f75d-9a86-4af9-8c76-502a96d49b32,3
dc9a54c4-2dc6-4e1b-924a-5835841ddbe0,3
e3c793f4-ec17-4a98-bf62-43eba91e8cba,3
373f4482-baca-450a-9443-2e1af62a4aac,3
c51136dc-7f39-4c4a-bb0e-d86d16462a49,3
4d7f0af8-0bc6-4069-8da1-589dd9313892,3
74ef3ac4-a5c0-4a37-a677-530cc72cf962,3
fa9933ad-75d7-48c1-a885-578c8a396627,3
4bfda43a-9dc0-4e39-b1ea-02df1511406a,3
4a8ee874-637b-40d4-a0f7-cbdf67af8687,3
7c21f27c-ad27-4b47-b36c-22d4ea9c36be,3
4a4c7498-b2e7-4a05-aa75-04d733ceedd2,3
7e658d82-9be0-4c84-8f62-990d1aa8e0fb,3
7ee7ef72-c33e-4a90-b5b8-e7abb4239671,3
482ccf6d-cf25-413d-893b-f7676f67f0ae,3
480bdb23-b6ea-4cf9-a72e-5fbf3b9c8e43,3
83fe9c4f-b1f3-4d29-815e-b40c22821205,3
840b1948-e974-452a-ab92-e5a9a4fe3dbd,3
854b808e-cfe0-4815-a049-8ce64f871126,3
4421da8e-ab70-486e-beed-7ccb7b867162,3
871cd69d-645e-480d-8ea6-bf2f6d647056,3
0908d368-2378-4151-b75b-57c2b24527d0,3
4219d7c3-9f61-4d0d-b289-fe2e3e22f78f,3
89317f2c-d4eb-4ca3-9872-86257e9acff9,3
8a7648b4-8009-4854-b3b5-5f91223bb2c1,3
8b6a41b6-af2d-42db-a0a4-0e1640136859,3
f71fa59d-5c44-413f-a7bf-52d75ae113aa,3
8cca44d3-04ce-46f7-a776-5d92b079a961,3
8daa5e2b-f5e8-4e55-9143-4dfd5593d6ca,3
7189e22a-32f0-4470-95ec-fc248b4544b4,3
713e51ae-56e5-4097-b005-1098e6ac78b4,3
8ec838c5-e077-487a-a9ab-f9bf144888d5,3
6fbe8489-0d8d-4ff3-a5c7-5cb13bc715f7,3
5720551a-2ab8-48e9-beff-2f56d8e66cfb,3
5904db5b-79b8-4ab8-90f9-6aeef1f0a243,3
5989bfac-aee4-44e8-8c75-6863ff4d43b2,3
56be490d-5135-4308-97b1-216be4d7c45c,3
59d9175b-3df2-4294-a218-ddc41eedb075,3
55a3264e-0f39-438a-b170-4f685372cb0b,3
5b5c6654-d67f-44a2-acf1-87068300de8f,3
015019dd-a6ff-4d3e-9b21-13a42845aae0,3
ff4c0ad9-8a91-44e9-964e-54f7a59e6a8f,3
5dae78e0-0023-41a1-ad0e-2effee15455c,3
53e37d5b-b148-401e-884c-7d6b3123d7dc,3
5fdac0e1-447a-4e25-9430-3c57d0ad39a9,3
52852a5d-4a02-48c7-b931-3d562a5dcb8f,3
6364810c-fb06-46b8-a96f-82a8fb3514bd,3
63facb24-b5d5-483e-bc55-b47eafcc8f07,3
64e2ddc4-ced6-4744-b51f-5d6ac81ee3fa,3
fbf93fbf-a935-436f-8516-8acb863e779f,3
50ec2f63-fbd6-4c43-a124-367e21553f43,3
5058b946-2025-402c-ab8a-5314550482cd,3
4f62597b-26d5-49af-aded-44e5090b9d2a,3
6c7fca22-f2fb-47d9-bdc8-14e91f0d0c10,3
4f5f95f6-317d-47a4-9327-d4470dd61e7e,3
6e6bcbc9-2d06-4914-8603-9a6fb3f3d25c,3
8dfe678f-c1c5-4b12-b934-8560dec64182,3
88bef6e1-7b34-4621-acc2-80eb73543e1a,3
3d7ae64c-f10b-44e5-8f19-e762d480409a,3
9e59d8b0-01fc-482c-b700-805208f4f44a,3
a0c41740-503b-43f7-bd3a-878d69de0337,3
8f339616-72ca-4415-a339-eb104089fc0c,3
a2e02c31-3078-4f51-9ef6-0ebd3909572d,3
a77c4e01-c7ba-4043-a9e5-820ca2aa1b5f,3
a9f27c67-6764-46bd-bbb9-98e4a261d6ec,3
3251dcb9-61fc-412b-81cc-d9a3364bc12e,3
aa4a21a8-6611-484f-8a80-1b15cfef08d0,3
f27a2ea0-3d95-4767-9510-cf200662a289,3
2eb5000c-36e0-472f-8e99-ecb885fbd657,3
b27e9f73-4514-462a-a265-35203930a9af,3
2d262c8c-e03b-4832-9cb1-551c2b0c89c9,3
2d169120-94c0-4922-8842-e70abe8a0f0f,3
0ce92df7-d8e6-4b0a-8c25-9fe892cd0584,3
f1a18975-d3ee-4d33-b9db-69d75011c093,3
2d05fd25-b0ec-478b-bff4-a0dd4e3b019a,3
b77f7f82-b7ff-47ee-a01a-0bb782845fdc,3
b7a63e60-53c6-4942-b001-d41caf609ac5,3
b83b193c-e7c0-47ba-8133-2d7a595122ba,3
b9fc9bee-129c-41aa-8390-470dc6f4bd07,3
baa13d7f-448e-4167-b4ae-05e811dff016,3
f0907349-3797-41ed-a5f4-312caa8100fe,3
bd474dc1-7576-41ee-b18a-b2626b750a05,3
29be5c97-dfea-4b1e-823a-8724345d282b,3
25b49125-34d1-4694-a4a9-8415bcc3567b,3
2553b4cb-445f-45b4-8a46-6dc322f600f4,3
24c7393b-ec3b-4f15-bbc4-9631e3e1b951,3
23bb747e-fe42-40af-baa0-248df1f1a917,3
a00b3d27-5cd3-480e-8fd2-7b108f16d6d2,3
13588cd4-9a2a-4965-8557-aa3109d1fa72,3
980cd756-264d-4c82-8bb9-6e0ac5d3ae35,3
3acc54a5-3bc4-4195-a2a1-e93e11b5356e,3
9799e6ec-16e2-4794-a529-297b5fa2a685,3
952895f8-3dab-4e86-aaca-2f8e436a89ab,3
92e83c03-7fb5-4536-98a1-fa8e22f1444d,3
3a842069-3f67-4512-856f-4c6a3c367ead,3
91b43f94-b11b-4843-b0b0-ce675a8151ef,3
984c7b6d-1946-4270-ba44-7ca3849b7017,3
39acf63e-c53c-43b9-a250-7a391070861a,3
3a91b1f5-23eb-4f85-aff6-e282e9949762,3
0b3351f6-9b05-476d-af06-2f4881ca007d,3
3b591251-db33-4d0b-bc47-96c9f13c62bc,3
9b9b885a-64b4-43aa-ab68-588ffc0d8882,3
373279fd-a458-4eae-a290-5321627e4d67,3
3c393bf9-3cf0-4e6c-b0dd-b83a3089f53a,3
9c2faee2-d1d5-46fd-b2bb-2bce41abda22,3
10a05b48-4730-4fd5-a5bc-d2f6aba7dd5c,2
007aef92-9b6b-4cf8-8a15-4d27af281f22,2
ef9c0588-bf76-4f5e-a4d6-adc89239de76,2
ff6c1a6f-3523-413e-9f5b-5c19c1a28d96,2
12daa534-6cf9-4e19-bb2d-e29bdf2a3780,2
023fb2b0-cefe-4421-8218-1feea88784d1,2
07e411dc-716c-4811-9528-85e7511320df,2
08323e29-9950-4ea7-8128-91a54117c5f5,2
fa7c5c91-3ceb-4471-b986-6bb58bff36a7,2
030934a8-a985-429a-99d2-0b2ab6eb3004,2
f96d6ac7-f42a-4171-887f-ecc5638dcbef,2
ed8ddce1-58b7-46b1-9f20-6e119544646c,2
eafbbc5e-47dc-427a-a988-60f94a85ef96,2
111b2175-95e8-437c-825c-e6229c4f3e73,2
03ef898f-611a-48ae-b411-319cd9d15538,2
0bea1912-8742-4e0a-a11f-f3776a9700c7,2
0bde12ae-cd3a-4c8a-9e37-8e9ad2f314bf,2
f98c5d96-d296-46bf-a75d-0a264abd29b6,2
f559d0b7-dfb8-468e-a243-ec55e46617a7,2
f9cd24ea-eb70-48d0-8fdf-af910d2dcf67,2
0809227c-4355-46e0-8ec7-79fb20101cb9,2
fadd531d-ac26-4862-a195-9b7e60e7b45c,2
582ac35a-7240-441a-9417-6b85387a2158,2
9a54edcc-c5a5-4e3a-ac46-3a6ec00a6bc4,2
8ebe44e1-26d2-4018-9fa3-2efaa4356460,2
47c36792-d906-4717-9c32-fafc94b1563c,2
814ed8ea-1c13-4757-9f77-38a9e1b61ab9,2
83950277-4f38-4fa8-ad8d-b7c71d73d4df,2
45877aeb-48af-4b7d-ab61-37b1574a1a66,2
86324283-9564-49c3-a7ad-c08555353cda,2
8768d823-c5ad-42d6-b08a-f847a9bfecf9,2
8b59496f-6dd4-4cb1-a326-915c374a71b9,2
8cc206c6-ec4b-4289-bbef-9d29e2571d53,2
3a4ff1db-8a58-4a3b-872d-8bf143067225,2
585ba794-a9a7-4165-8f6b-58054c3a8397,2
94e9a131-aeb5-46e8-8818-7a10f62d379c,2
99e169eb-ef06-4681-afdc-d54e1020685b,2
e47179dd-f87d-4755-a1b4-30f835bd7ef8,2
349b7f82-b25b-43c3-9580-adbc98e833bc,2
a8bea73e-27ff-4d01-80ff-c3cb0a4a689e,2
a8bed2b4-6ff6-4283-8fdc-dc269e9ed3be,2
a9687973-bf1c-47f9-956a-1f07a24abe2a,2
aa2744a0-c356-44aa-be91-1880afdc4f32,2
4a7d52a8-837b-48aa-9b77-891c50759e4e,2
7a0a3dd6-17ad-456b-956e-ef69d719603c,2
4bc16485-1715-4582-9aa4-ae53a33c2105,2
4c1bcbd0-f410-447d-931a-d3ebaf25cd1d,2
5a144e56-4a91-43f1-8b7f-3dcc39b10ec3,2
5b9c65f7-90eb-46bb-b325-6dc347156917,2
553c8e1e-9c9c-4043-a4fd-6912b6152117,2
5cee7cfa-42e7-4c9e-8525-b18bec2e0ad6,2
5437d444-ce9f-43b6-9fec-7f425b7c4da1,2
5def1a1b-4eaa-4958-905c-3682c7c1b123,2
53abd1b7-8f0e-49e1-9190-5800116072cc,2
61cb389d-aac7-45a0-a3c1-9bca0e0d5b1d,2
64935466-6926-4c45-a020-ad5d7e40d36e,2
65ad0661-1ad4-4a93-939f-72123afedfc8,2
6866fdb4-8288-4245-b289-5f3267562915,2
6c4cd01b-b49f-4318-b0d4-acf3c8b4ecf3,2
6ebb2249-05b9-483c-a7f3-68a6e2dab541,2
4f51ac3e-d073-474d-81dc-c27c3fe39446,2
707a2746-39a9-40a7-8bdf-abafa4738080,2
74378029-c86d-4edb-9835-d71fe7bd6847,2
770fbac7-6ae2-49fc-934f-f87a4340c027,2
abed6038-1652-4ea2-8df1-a0bb5b33af28,2
ac38cce8-26dd-43d7-b9e9-abb95a89ad6d,2
acd4dd71-be26-47a4-a321-c5d6edd7c94c,2
279808f7-be0c-4585-a2f8-31897214116b,2
cc2804d1-3e09-4a95-a743-1a50847eb2fa,2
cd22a14c-9a77-4f32-b6e2-5b5ac117696f,2
1ec24fc3-4327-45b5-a33e-3accc3096544,2
cf3d9013-6417-4ed8-9d02-88a97f00c566,2
30fd8ec0-8374-4f85-b852-dd7e827a74e6,2
1c292f5f-15b9-4971-af93-04b5346a47eb,2
d27e9267-9382-4326-9d9c-e554693cedae,2
1b3895ad-05fb-44dc-af15-5325a6b0e2cd,2
d7b3ff9b-b8e2-45f5-85f5-c1536734af79,2
da60ca11-fae6-44a2-b004-378ca17ce2fd,2
db031c3d-69e4-4c06-91fe-e9be0a3c173c,2
1401502c-3cbe-463e-8a4d-7134ee8603c9,2
e1bd126f-a9fa-4914-ba4c-b750b84fb20d,2
e21837ba-c601-4a3e-8af0-70862f616b2c,2
13df0ed4-cf03-44b8-b1c0-0c6b35a3d250,2
e3338031-d13f-499b-8295-d03e1644d6ad,2
e3554749-d9b3-4c03-821d-c605eecad0b1,2
23a77efe-5cb2-4a7f-b964-cb9347311556,2
1c68efe9-ed6e-4845-8721-77cce7fb167c,2
bf32c7a6-67fd-4b2c-8b1c-0c6c208a2667,2
2d5939d8-0b82-46c5-a3f6-043eeaf54235,2
2c1743f9-5b5e-4be1-ad1e-1e0c9f692ced,2
b87898bb-a914-440d-8f6f-581fed1b4acc,2
b3a31538-09d5-4f58-a906-c4dcf5e6a38c,2
2b5af546-41ef-404f-8e24-eb69fcf2e0ae,2
ba269669-300c-4156-ac5e-0abe81c7a764,2
ad18e140-8d57-4f67-93db-95682af697ff,2
b081b6c2-0287-4096-939f-598a200eaca3,2
ff2f8c87-f984-4378-8e5c-6241fd185d2d,1
65c1c9f1-51ec-47e5-bede-792768062082,1
fc4fa6b9-27e8-4a1d-a5b9-9cbdb4037d5a,1
9efb97d9-83c2-40fa-a649-3ed16d0cd576,1
58a5e7be-ea97-40ef-9513-085f425aa243,1
65144b4e-dffa-4ec9-a585-cf25eb9def3e,1
e983ce8b-da05-43b8-9d1f-4d11eab5315f,1
51a85ab1-6251-4712-be1f-904cc177aa8b,1
b354e8e4-e4cf-4d7f-9ce6-fa2cb576e157,1
02b0f721-12ff-43eb-a860-0e3fed4e3d47,1
f29d8e01-6751-48e4-812c-bf4e5b2d73c6,1
68909fd3-8bc9-467e-9de7-5772363de178,1
f4536e6a-6742-4de6-bb70-c32aef994346,1
e04d7073-8c2a-4de4-91a0-53af920a885a,1
da328f1b-d285-4f62-91d1-5566acc8d583,1
d9c07702-7b56-4a31-9dba-0c88ba6b35e9,1
696f704a-e5ee-4ff9-9987-b62872df1dc5,1
bce6fa4e-11fe-4794-abb6-d9795961fbe2,1
4605bb0c-7ead-4516-8657-217dd42812b7,1
f05bd1cb-ec8c-4a16-8c4a-0fe69d4c29f6,1
3ea47f43-bdb4-4817-b640-610362b9809a,1
cdf36f97-8188-4986-8225-ab8be6fba72c,1
002115d7-1cf1-4829-a8e9-0f0e2c4e823a,1
49fa68c4-6e88-4d8c-bfca-0461a4427328,1
7d3a2dcd-4e8a-4fd1-b906-d7c5b53c4d29,1
cf50fc6d-14d4-4103-b649-36b1408cc115,1
8bc05c1b-c99e-4f8b-bbc5-3cbcd61fea19,1
4ce5c56a-faa7-4cb5-bcff-38a4290fc688,1
1bd62d4f-ce05-48d7-900c-3af3078fc39e,1
74a902d6-684e-4710-8a37-2acb63de5391,1
73f91baf-b007-497f-b76b-2d525ed863c7,1
4d34d9e8-bd80-47ec-9818-6482405a7b78,1
368a724a-ea0f-4e4a-84b4-a26b24e6ad15,1
1971b2d6-d758-4796-b190-1bd0c9e6d8db,1
e5f350c9-4733-406f-99c8-c0b897089619,1
